Year,NATURE,COMMENT_OBS,SOURCE_DETAIL,Custom Breakdown,Label for custom breakdown,Nature of data points,Observation-level footnotes,Source details,Value
2018,E,"Municipal Solid Waste (MSW) collection coverage is defined as the amount of MSW collected as a proportion of total MSW generated.  Projected waste generation. (http://hdl.handle.net/10986/30317). Designation and data provided by the country and compiled by UNHabitat. The designations employed do not imply the expression of any opinion whatsoever on the part of the Secretariat of the United Nations concerning the legal status of any country, territory, city or area; or of its authorities, or concerning the delimitation of its frontiers or boundaries.","World Bank (2018). What A Waste Global Database, 2018 Edition.",Custom code 01,Eldoret,Estimated,"Municipal Solid Waste (MSW) collection coverage is defined as the amount of MSW collected as a proportion of total MSW generated.  Projected waste generation. (http://hdl.handle.net/10986/30317). Designation and data provided by the country and compiled by UNHabitat. The designations employed do not imply the expression of any opinion whatsoever on the part of the Secretariat of the United Nations concerning the legal status of any country, territory, city or area; or of its authorities, or concerning the delimitation of its frontiers or boundaries.","World Bank (2018). What A Waste Global Database, 2018 Edition.",45.0
2020,E,"Municipal Solid Waste (MSW) collection coverage is defined as the amount of MSW collected as a proportion of total MSW generated. Waste Wise Cities Tool (WaCT) uses a standardized, field-based methodology developed by UN-Habitat to assess the flow and management of municipal solid waste at the city level. It combines direct observation, interviews with stakeholders, and sampling techniques at households, transfer stations, and disposal sites to quantify the proportion of municipal waste that is collected and managed in controlled facilities. Designation and data provided by the country and compiled by UNHabitat. The designations employed do not imply the expression of any opinion whatsoever on the part of the Secretariat of the United Nations concerning the legal status of any country, territory, city or area; or of its authorities, or concerning the delimitation of its frontiers or boundaries.","Waste Wise Cities Tool (WaCT) Survey, United Nations Human Settlements Programme (UN-Habitat)",Custom code 02,Kiambu,Estimated,"Municipal Solid Waste (MSW) collection coverage is defined as the amount of MSW collected as a proportion of total MSW generated. Waste Wise Cities Tool (WaCT) uses a standardized, field-based methodology developed by UN-Habitat to assess the flow and management of municipal solid waste at the city level. It combines direct observation, interviews with stakeholders, and sampling techniques at households, transfer stations, and disposal sites to quantify the proportion of municipal waste that is collected and managed in controlled facilities. Designation and data provided by the country and compiled by UNHabitat. The designations employed do not imply the expression of any opinion whatsoever on the part of the Secretariat of the United Nations concerning the legal status of any country, territory, city or area; or of its authorities, or concerning the delimitation of its frontiers or boundaries.","Waste Wise Cities Tool (WaCT) Survey, United Nations Human Settlements Programme (UN-Habitat)",52.0
2020,E,"Municipal Solid Waste (MSW) collection coverage is defined as the amount of MSW collected as a proportion of total MSW generated. Waste Wise Cities Tool (WaCT) uses a standardized, field-based methodology developed by UN-Habitat to assess the flow and management of municipal solid waste at the city level. It combines direct observation, interviews with stakeholders, and sampling techniques at households, transfer stations, and disposal sites to quantify the proportion of municipal waste that is collected and managed in controlled facilities. Designation and data provided by the country and compiled by UNHabitat. The designations employed do not imply the expression of any opinion whatsoever on the part of the Secretariat of the United Nations concerning the legal status of any country, territory, city or area; or of its authorities, or concerning the delimitation of its frontiers or boundaries.","Waste Wise Cities Tool (WaCT) Survey, United Nations Human Settlements Programme (UN-Habitat)",Custom code 06,Mombasa,Estimated,"Municipal Solid Waste (MSW) collection coverage is defined as the amount of MSW collected as a proportion of total MSW generated. Waste Wise Cities Tool (WaCT) uses a standardized, field-based methodology developed by UN-Habitat to assess the flow and management of municipal solid waste at the city level. It combines direct observation, interviews with stakeholders, and sampling techniques at households, transfer stations, and disposal sites to quantify the proportion of municipal waste that is collected and managed in controlled facilities. Designation and data provided by the country and compiled by UNHabitat. The designations employed do not imply the expression of any opinion whatsoever on the part of the Secretariat of the United Nations concerning the legal status of any country, territory, city or area; or of its authorities, or concerning the delimitation of its frontiers or boundaries.","Waste Wise Cities Tool (WaCT) Survey, United Nations Human Settlements Programme (UN-Habitat)",56.0
2012,E,"Municipal Solid Waste (MSW) collection coverage is defined as the amount of MSW collected as a proportion of total MSW generated. Designation and data provided by the country and compiled by UNHabitat. The designations employed do not imply the expression of any opinion whatsoever on the part of the Secretariat of the United Nations concerning the legal status of any country, territory, city or area; or of its authorities, or concerning the delimitation of its frontiers or boundaries.",United Nations Human Settlements Programme (UN-Habitat).,Custom code 07,Nairobi,Country Data,"Municipal Solid Waste (MSW) collection coverage is defined as the amount of MSW collected as a proportion of total MSW generated. Designation and data provided by the country and compiled by UNHabitat. The designations employed do not imply the expression of any opinion whatsoever on the part of the Secretariat of the United Nations concerning the legal status of any country, territory, city or area; or of its authorities, or concerning the delimitation of its frontiers or boundaries.","UNSD, Country Files from the UNSD/UNEP data collection on environment statistics (available at: https://unstats.un.org/unsd/envstats/country_files). (Date of last update: 16 May 2023).",52.0
2014,C,"Municipal Solid Waste (MSW) collection coverage is defined as the amount of MSW collected as a proportion of total MSW generated. Designation and data provided by the country and compiled by UNHabitat. The designations employed do not imply the expression of any opinion whatsoever on the part of the Secretariat of the United Nations concerning the legal status of any country, territory, city or area; or of its authorities, or concerning the delimitation of its frontiers or boundaries.","UNSD, Country Files from the UNSD/UNEP data collection on environment statistics (available at: https://unstats.un.org/unsd/envstats/country_files). (Date of last update: 16 May 2023).",Custom code 07,Nairobi,Country Data,"Municipal Solid Waste (MSW) collection coverage is defined as the amount of MSW collected as a proportion of total MSW generated. Designation and data provided by the country and compiled by UNHabitat. The designations employed do not imply the expression of any opinion whatsoever on the part of the Secretariat of the United Nations concerning the legal status of any country, territory, city or area; or of its authorities, or concerning the delimitation of its frontiers or boundaries.","UNSD, Country Files from the UNSD/UNEP data collection on environment statistics (available at: https://unstats.un.org/unsd/envstats/country_files). (Date of last update: 16 May 2023).",45.2
2016,C,"Municipal Solid Waste (MSW) collection coverage is defined as the amount of MSW collected as a proportion of total MSW generated. Designation and data provided by the country and compiled by UNHabitat. The designations employed do not imply the expression of any opinion whatsoever on the part of the Secretariat of the United Nations concerning the legal status of any country, territory, city or area; or of its authorities, or concerning the delimitation of its frontiers or boundaries.","UNSD, Country Files from the UNSD/UNEP data collection on environment statistics (available at: https://unstats.un.org/unsd/envstats/country_files). (Date of last update: 16 May 2023).",Custom code 07,Nairobi,Country Data,"Municipal Solid Waste (MSW) collection coverage is defined as the amount of MSW collected as a proportion of total MSW generated. Designation and data provided by the country and compiled by UNHabitat. The designations employed do not imply the expression of any opinion whatsoever on the part of the Secretariat of the United Nations concerning the legal status of any country, territory, city or area; or of its authorities, or concerning the delimitation of its frontiers or boundaries.","UNSD, Country Files from the UNSD/UNEP data collection on environment statistics (available at: https://unstats.un.org/unsd/envstats/country_files). (Date of last update: 16 May 2023).",75.0
2017,C,"Municipal Solid Waste (MSW) collection coverage is defined as the amount of MSW collected as a proportion of total MSW generated. Designation and data provided by the country and compiled by UNHabitat. The designations employed do not imply the expression of any opinion whatsoever on the part of the Secretariat of the United Nations concerning the legal status of any country, territory, city or area; or of its authorities, or concerning the delimitation of its frontiers or boundaries.","UNSD, Country Files from the UNSD/UNEP data collection on environment statistics (available at: https://unstats.un.org/unsd/envstats/country_files). (Date of last update: 16 May 2023).",Custom code 07,Nairobi,Country Data,"Municipal Solid Waste (MSW) collection coverage is defined as the amount of MSW collected as a proportion of total MSW generated. Designation and data provided by the country and compiled by UNHabitat. The designations employed do not imply the expression of any opinion whatsoever on the part of the Secretariat of the United Nations concerning the legal status of any country, territory, city or area; or of its authorities, or concerning the delimitation of its frontiers or boundaries.","UNSD, Country Files from the UNSD/UNEP data collection on environment statistics (available at: https://unstats.un.org/unsd/envstats/country_files). (Date of last update: 16 May 2023).",75.2
2018,C,"Municipal Solid Waste (MSW) collection coverage is defined as the amount of MSW collected as a proportion of total MSW generated. Designation and data provided by the country and compiled by UNHabitat. The designations employed do not imply the expression of any opinion whatsoever on the part of the Secretariat of the United Nations concerning the legal status of any country, territory, city or area; or of its authorities, or concerning the delimitation of its frontiers or boundaries.","UNSD, Country Files from the UNSD/UNEP data collection on environment statistics (available at: https://unstats.un.org/unsd/envstats/country_files). (Date of last update: 16 May 2023).",Custom code 07,Nairobi,Country Data,"Municipal Solid Waste (MSW) collection coverage is defined as the amount of MSW collected as a proportion of total MSW generated. Designation and data provided by the country and compiled by UNHabitat. The designations employed do not imply the expression of any opinion whatsoever on the part of the Secretariat of the United Nations concerning the legal status of any country, territory, city or area; or of its authorities, or concerning the delimitation of its frontiers or boundaries.","UNSD, Country Files from the UNSD/UNEP data collection on environment statistics (available at: https://unstats.un.org/unsd/envstats/country_files). (Date of last update: 16 May 2023).",75.2
2019,C,"Municipal Solid Waste (MSW) collection coverage is defined as the amount of MSW collected as a proportion of total MSW generated. Designation and data provided by the country and compiled by UNHabitat. The designations employed do not imply the expression of any opinion whatsoever on the part of the Secretariat of the United Nations concerning the legal status of any country, territory, city or area; or of its authorities, or concerning the delimitation of its frontiers or boundaries.","UNSD, Country Files from the UNSD/UNEP data collection on environment statistics (available at: https://unstats.un.org/unsd/envstats/country_files). (Date of last update: 16 May 2023).",Custom code 07,Nairobi,Country Data,"Municipal Solid Waste (MSW) collection coverage is defined as the amount of MSW collected as a proportion of total MSW generated. Designation and data provided by the country and compiled by UNHabitat. The designations employed do not imply the expression of any opinion whatsoever on the part of the Secretariat of the United Nations concerning the legal status of any country, territory, city or area; or of its authorities, or concerning the delimitation of its frontiers or boundaries.","UNSD, Country Files from the UNSD/UNEP data collection on environment statistics (available at: https://unstats.un.org/unsd/envstats/country_files). (Date of last update: 16 May 2023).",75.2
2020,C,"Municipal Solid Waste (MSW) collection coverage is defined as the amount of MSW collected as a proportion of total MSW generated. Designation and data provided by the country and compiled by UNHabitat. The designations employed do not imply the expression of any opinion whatsoever on the part of the Secretariat of the United Nations concerning the legal status of any country, territory, city or area; or of its authorities, or concerning the delimitation of its frontiers or boundaries.","UNSD, Country Files from the UNSD/UNEP data collection on environment statistics (available at: https://unstats.un.org/unsd/envstats/country_files). (Date of last update: 16 May 2023).",Custom code 07,Nairobi,Country Data,"Municipal Solid Waste (MSW) collection coverage is defined as the amount of MSW collected as a proportion of total MSW generated. Designation and data provided by the country and compiled by UNHabitat. The designations employed do not imply the expression of any opinion whatsoever on the part of the Secretariat of the United Nations concerning the legal status of any country, territory, city or area; or of its authorities, or concerning the delimitation of its frontiers or boundaries.","UNSD, Country Files from the UNSD/UNEP data collection on environment statistics (available at: https://unstats.un.org/unsd/envstats/country_files). (Date of last update: 16 May 2023).",75.2
2021,C,"Municipal Solid Waste (MSW) collection coverage is defined as the amount of MSW collected as a proportion of total MSW generated. Designation and data provided by the country and compiled by UNHabitat. The designations employed do not imply the expression of any opinion whatsoever on the part of the Secretariat of the United Nations concerning the legal status of any country, territory, city or area; or of its authorities, or concerning the delimitation of its frontiers or boundaries.","UNSD, Country Files from the UNSD/UNEP data collection on environment statistics (available at: https://unstats.un.org/unsd/envstats/country_files). (Date of last update: 16 May 2023).",Custom code 07,Nairobi,Country Data,"Municipal Solid Waste (MSW) collection coverage is defined as the amount of MSW collected as a proportion of total MSW generated. Designation and data provided by the country and compiled by UNHabitat. The designations employed do not imply the expression of any opinion whatsoever on the part of the Secretariat of the United Nations concerning the legal status of any country, territory, city or area; or of its authorities, or concerning the delimitation of its frontiers or boundaries.","UNSD, Country Files from the UNSD/UNEP data collection on environment statistics (available at: https://unstats.un.org/unsd/envstats/country_files). (Date of last update: 16 May 2023).",76.7
2023,E,"Municipal Solid Waste (MSW) collection coverage is defined as the amount of MSW collected as a proportion of total MSW generated. Waste Wise Cities Tool (WaCT) uses a standardized, field-based methodology developed by UN-Habitat to assess the flow and management of municipal solid waste at the city level. It combines direct observation, interviews with stakeholders, and sampling techniques at households, transfer stations, and disposal sites to quantify the proportion of municipal waste that is collected and managed in controlled facilities. Designation and data provided by the country and compiled by UNHabitat. The designations employed do not imply the expression of any opinion whatsoever on the part of the Secretariat of the United Nations concerning the legal status of any country, territory, city or area; or of its authorities, or concerning the delimitation of its frontiers or boundaries.","Waste Wise Cities Tool (WaCT) Survey, United Nations Human Settlements Programme (UN-Habitat)",Custom code 15,Homa Bay,Estimated,"Municipal Solid Waste (MSW) collection coverage is defined as the amount of MSW collected as a proportion of total MSW generated. Waste Wise Cities Tool (WaCT) uses a standardized, field-based methodology developed by UN-Habitat to assess the flow and management of municipal solid waste at the city level. It combines direct observation, interviews with stakeholders, and sampling techniques at households, transfer stations, and disposal sites to quantify the proportion of municipal waste that is collected and managed in controlled facilities. Designation and data provided by the country and compiled by UNHabitat. The designations employed do not imply the expression of any opinion whatsoever on the part of the Secretariat of the United Nations concerning the legal status of any country, territory, city or area; or of its authorities, or concerning the delimitation of its frontiers or boundaries.","Waste Wise Cities Tool (WaCT) Survey, United Nations Human Settlements Programme (UN-Habitat)",26.0
2022,E,"Municipal Solid Waste (MSW) collection coverage is defined as the amount of MSW collected as a proportion of total MSW generated. Waste Wise Cities Tool (WaCT) uses a standardized, field-based methodology developed by UN-Habitat to assess the flow and management of municipal solid waste at the city level. It combines direct observation, interviews with stakeholders, and sampling techniques at households, transfer stations, and disposal sites to quantify the proportion of municipal waste that is collected and managed in controlled facilities. Designation and data provided by the country and compiled by UNHabitat. The designations employed do not imply the expression of any opinion whatsoever on the part of the Secretariat of the United Nations concerning the legal status of any country, territory, city or area; or of its authorities, or concerning the delimitation of its frontiers or boundaries.","Waste Wise Cities Tool (WaCT) Survey, United Nations Human Settlements Programme (UN-Habitat)",Custom code 16,Voi,Estimated,"Municipal Solid Waste (MSW) collection coverage is defined as the amount of MSW collected as a proportion of total MSW generated. Waste Wise Cities Tool (WaCT) uses a standardized, field-based methodology developed by UN-Habitat to assess the flow and management of municipal solid waste at the city level. It combines direct observation, interviews with stakeholders, and sampling techniques at households, transfer stations, and disposal sites to quantify the proportion of municipal waste that is collected and managed in controlled facilities. Designation and data provided by the country and compiled by UNHabitat. The designations employed do not imply the expression of any opinion whatsoever on the part of the Secretariat of the United Nations concerning the legal status of any country, territory, city or area; or of its authorities, or concerning the delimitation of its frontiers or boundaries.","Waste Wise Cities Tool (WaCT) Survey, United Nations Human Settlements Programme (UN-Habitat)",30.0
